cpu,memory,latency,future_cpu,anomaly,failure,scaling
91,30,148,91,1,0,2
69,64,115,82,0,0,1
29,73,27,20,0,0,1
53,95,55,55,0,0,1
51,35,64,50,0,0,1
79,30,148,69,0,0,1
90,29,172,102,0,0,2
57,30,168,63,0,0,1
78,58,74,68,0,0,1
16,91,145,18,0,0,0
17,90,40,26,0,0,0
64,40,75,66,0,0,1
95,33,118,104,1,0,2
68,83,71,65,0,0,1
70,66,153,73,0,0,1
83,85,111,82,0,0,2
30,63,198,29,1,0,1
73,42,109,63,0,0,1
20,23,46,25,0,0,0
12,35,188,21,1,0,0
72,53,119,70,0,0,1
87,63,116,77,0,0,2
24,89,180,15,0,0,0
89,93,136,98,0,0,2
96,64,82,87,1,0,2
10,24,88,12,0,0,0
37,41,30,40,0,0,1
51,75,77,47,0,0,1
15,91,186,7,1,0,0
53,25,108,43,0,0,1
25,51,119,35,0,0,1
37,46,112,37,0,0,1
44,63,105,39,0,0,1
35,59,154,39,0,0,1
64,38,184,74,1,0,1
79,70,60,85,0,0,1
27,78,52,41,0,0,1
70,27,35,83,0,0,1
23,83,137,17,0,0,0
72,61,50,78,0,0,1
24,42,91,27,0,0,0
94,95,53,88,1,1,2
18,45,52,25,0,0,0
81,41,59,73,0,0,2
75,21,91,67,0,0,1
63,65,145,62,0,0,1
18,39,150,18,0,0,0
94,80,138,90,1,0,2
54,80,189,50,1,0,1
56,74,183,67,1,0,1
96,90,31,97,1,0,2
55,99,197,55,1,0,1
78,86,34,79,0,0,1
97,27,112,103,1,0,2
85,24,156,91,0,0,2
15,48,194,7,1,0,0
64,48,123,65,0,0,1
35,91,135,26,0,0,1
68,32,152,63,0,0,1
71,78,97,81,0,0,1
22,34,150,15,0,0,0
36,87,84,38,0,0,1
10,55,188,0,1,0,0
14,44,44,28,0,0,0
93,75,80,94,1,0,2
59,70,156,54,0,0,1
72,33,151,63,0,0,1
57,48,168,70,0,0,1
19,95,137,22,0,0,0
30,81,26,22,0,0,1
20,70,123,15,0,0,0
13,37,185,25,1,0,0
29,47,26,29,0,0,1
60,88,164,50,0,0,1
81,72,137,76,0,0,2
34,81,131,43,0,0,1
80,34,51,75,0,0,1
55,42,160,51,0,0,1
82,37,41,77,0,0,2
93,49,181,83,1,0,2
76,20,77,78,0,0,1
65,84,165,55,0,0,1
58,47,106,50,0,0,1
10,55,69,0,0,0,0
41,32,132,45,0,0,1
18,53,188,11,1,0,0
33,62,44,40,0,0,1
58,81,93,67,0,0,1
78,20,180,87,0,0,1
14,51,161,26,0,0,0
73,98,109,68,0,0,1
21,69,193,29,1,0,0
48,66,64,54,0,0,1
24,49,171,19,0,0,0
18,32,26,19,0,0,0
69,20,147,83,0,0,1
20,88,154,15,0,0,0
14,36,87,6,0,0,0
51,52,90,55,0,0,1
97,49,157,100,1,0,2
56,31,73,67,0,0,1
11,42,180,24,0,0,0
70,45,33,71,0,0,1
85,67,190,80,1,0,2
35,21,196,45,1,0,1
62,73,48,66,0,0,1
29,35,173,28,0,0,1
87,79,133,77,0,0,2
45,61,51,49,0,0,1
28,35,177,25,0,0,1
72,32,77,83,0,0,1
84,90,22,82,0,0,2
69,46,146,74,0,0,1
96,24,143,96,1,0,2
29,98,152,33,0,0,1
82,46,141,86,0,0,2
27,71,119,26,0,0,1
76,58,63,83,0,0,1
58,25,155,56,0,0,1
51,33,153,49,0,0,1
84,96,150,75,0,0,2
16,71,69,17,0,0,0
45,39,126,51,0,0,1
86,37,38,88,0,0,2
95,47,55,99,1,0,2
47,49,135,39,0,0,1
11,88,39,19,0,0,0
24,23,156,14,0,0,0
29,87,198,36,1,0,1
98,94,29,88,1,1,2
14,36,69,16,0,0,0
90,80,73,100,0,0,2
90,73,106,103,0,0,2
45,58,96,35,0,0,1
21,30,118,18,0,0,0
85,95,72,98,0,0,2
35,98,51,47,0,0,1
89,40,30,89,0,0,2
72,28,180,68,0,0,1
33,86,177,44,0,0,1
53,38,108,57,0,0,1
61,38,37,57,0,0,1
85,81,179,98,0,0,2
41,37,44,46,0,0,1
96,98,195,108,1,1,2
43,43,62,40,0,0,1
19,75,31,9,0,0,0
35,80,103,46,0,0,1
55,75,122,66,0,0,1
65,54,66,60,0,0,1
76,60,32,88,0,0,1
82,59,120,89,0,0,2
71,64,57,65,0,0,1
27,42,167,26,0,0,1
76,99,38,90,0,0,1
69,89,60,68,0,0,1
75,47,181,80,1,0,1
31,54,192,37,1,0,1
91,74,125,81,1,0,2
55,52,73,52,0,0,1
63,75,178,69,0,0,1
40,23,144,35,0,0,1
24,93,49,21,0,0,0
18,31,57,31,0,0,0
17,85,99,11,0,0,0
27,27,41,21,0,0,1
25,50,21,24,0,0,1
12,53,85,22,0,0,0
32,87,130,29,0,0,1
89,34,104,79,0,0,2
42,84,159,38,0,0,1
27,88,122,34,0,0,1
59,53,48,59,0,0,1
32,78,171,35,0,0,1
44,82,38,35,0,0,1
40,88,46,37,0,0,1
45,89,53,43,0,0,1
28,40,45,23,0,0,1
28,40,96,26,0,0,1
64,52,122,58,0,0,1
57,51,21,52,0,0,1
41,48,69,49,0,0,1
98,72,36,94,1,0,2
69,79,93,82,0,0,1
10,95,125,17,0,0,0
21,27,199,27,1,0,0
82,72,36,76,0,0,2
72,36,143,84,0,0,1
19,45,95,31,0,0,0
89,26,68,100,0,0,2
96,70,120,97,1,0,2
70,49,156,81,0,0,1
91,47,180,96,1,0,2
37,46,46,35,0,0,1
69,41,183,62,1,0,1
14,97,103,17,0,0,0
59,40,167,67,0,0,1
84,55,150,75,0,0,2
11,82,150,25,0,0,0
48,56,176,48,0,0,1
75,65,177,87,0,0,1
40,30,175,49,0,0,1
92,33,60,87,1,0,2
84,97,78,98,0,0,2
36,86,58,49,0,0,1
23,56,83,19,0,0,0
73,42,117,73,0,0,1
59,56,161,60,0,0,1
77,33,73,90,0,0,1
98,87,40,103,1,0,2
65,95,193,61,1,0,1
31,84,114,45,0,0,1
82,21,38,82,0,0,2
74,99,107,79,0,0,1
71,35,59,74,0,0,1
31,77,169,40,0,0,1
62,94,50,65,0,0,1
49,49,110,41,0,0,1
98,37,99,95,1,0,2
27,55,109,33,0,0,1
40,53,68,44,0,0,1
86,45,114,85,0,0,2
25,73,134,24,0,0,1
82,66,71,84,0,0,2
79,49,151,82,0,0,1
89,57,198,101,1,0,2
87,90,125,88,0,0,2
77,82,60,75,0,0,1
44,70,158,39,0,0,1
52,52,129,65,0,0,1
56,96,181,50,1,0,1
27,31,36,32,0,0,1
54,96,187,51,1,0,1
25,58,69,23,0,0,1
57,23,74,63,0,0,1
52,94,191,53,1,0,1
28,46,124,40,0,0,1
50,31,150,56,0,0,1
56,65,100,58,0,0,1
93,92,158,87,1,1,2
24,96,21,35,0,0,0
32,69,78,23,0,0,1
60,22,105,73,0,0,1
93,27,48,101,1,0,2
94,24,31,93,1,0,2
69,43,99,83,0,0,1
51,31,150,45,0,0,1
80,46,171,79,0,0,1
59,65,172,54,0,0,1
76,76,198,69,1,0,1
89,70,63,83,0,0,2
34,68,31,45,0,0,1
40,42,44,46,0,0,1
89,20,116,103,0,0,2
26,97,68,16,0,0,1
17,76,140,20,0,0,0
76,90,59,74,0,0,1
62,74,81,60,0,0,1
41,80,147,51,0,0,1
95,52,33,94,1,0,2
27,33,199,18,1,0,1
30,32,115,22,0,0,1
85,51,109,85,0,0,2
57,99,133,53,0,0,1
66,24,37,69,0,0,1
36,71,43,35,0,0,1
80,33,133,88,0,0,1
15,25,76,11,0,0,0
71,23,88,83,0,0,1
17,91,165,26,0,0,0
16,20,58,13,0,0,0
35,70,115,32,0,0,1
76,29,181,74,1,0,1
93,33,156,107,1,0,2
76,37,80,90,0,0,1
78,72,98,69,0,0,1
31,27,130,43,0,0,1
79,31,35,85,0,0,1
55,33,22,60,0,0,1
62,72,58,61,0,0,1
83,23,145,95,0,0,2
97,74,94,93,1,0,2
97,42,60,93,1,0,2
82,47,166,78,0,0,2
56,25,190,60,1,0,1
55,99,90,58,0,0,1
93,64,31,93,1,0,2
78,29,53,70,0,0,1
66,87,145,78,0,0,1
19,40,43,24,0,0,0
18,95,143,32,0,0,0
78,46,188,86,1,0,1
44,24,134,42,0,0,1
36,89,192,48,1,0,1
95,56,23,103,1,0,2
60,96,187,70,1,0,1
33,93,140,43,0,0,1
14,85,102,7,0,0,0
94,57,37,107,1,0,2
12,37,42,24,0,0,0
71,33,35,75,0,0,1
33,46,91,24,0,0,1
36,41,47,38,0,0,1
29,91,175,32,0,0,1
43,90,193,52,1,0,1
46,34,159,48,0,0,1
35,37,107,43,0,0,1
18,70,160,29,0,0,0
81,69,127,76,0,0,2
47,59,25,37,0,0,1
94,26,193,105,1,0,2
99,78,92,90,1,0,2
65,80,135,66,0,0,1
76,73,65,84,0,0,1
16,43,124,6,0,0,0
10,82,176,15,0,0,0
95,98,115,96,1,1,2
91,21,125,100,1,0,2
36,28,60,46,0,0,1
80,57,107,82,0,0,1
49,88,175,46,0,0,1
27,60,95,23,0,0,1
51,54,82,44,0,0,1
38,83,46,43,0,0,1
29,86,55,21,0,0,1
87,75,28,99,0,0,2
50,60,97,47,0,0,1
35,54,167,45,0,0,1
80,40,95,91,0,0,1
73,94,181,66,1,0,1
71,32,87,73,0,0,1
28,80,150,25,0,0,1
99,96,185,110,1,1,2
40,86,167,54,0,0,1
73,75,112,83,0,0,1
37,59,35,28,0,0,1
97,45,180,110,1,0,2
72,67,133,73,0,0,1
16,43,159,21,0,0,0
42,43,20,45,0,0,1
50,89,89,51,0,0,1
26,70,107,30,0,0,1
99,84,27,111,1,0,2
96,36,24,105,1,0,2
81,49,117,81,0,0,2
69,58,62,83,0,0,1
49,43,107,63,0,0,1
52,81,35,44,0,0,1
27,97,70,40,0,0,1
45,54,67,49,0,0,1
91,74,142,83,1,0,2
18,74,75,14,0,0,0
33,36,162,44,0,0,1
47,44,155,51,0,0,1
61,39,72,55,0,0,1
89,28,82,91,0,0,2
82,54,61,77,0,0,2
99,96,68,109,1,1,2
88,48,142,99,0,0,2
77,47,114,78,0,0,1
57,21,182,48,1,0,1
66,71,108,74,0,0,1
42,78,88,33,0,0,1
68,99,45,64,0,0,1
91,86,160,89,1,0,2
93,48,22,84,1,0,2
91,65,113,98,1,0,2
65,32,92,67,0,0,1
52,34,152,54,0,0,1
52,74,182,46,1,0,1
73,61,185,82,1,0,1
97,50,169,87,1,0,2
95,72,99,94,1,0,2
61,73,98,54,0,0,1
16,37,34,27,0,0,0
98,47,68,103,1,0,2
66,88,36,77,0,0,1
86,80,168,77,0,0,2
60,62,163,70,0,0,1
44,73,64,54,0,0,1
41,86,94,51,0,0,1
24,67,32,14,0,0,0
68,23,192,63,1,0,1
17,48,26,22,0,0,0
22,70,176,24,0,0,0
79,33,180,86,0,0,1
65,90,22,65,0,0,1
70,40,91,63,0,0,1
73,34,107,75,0,0,1
85,78,104,97,0,0,2
48,96,140,42,0,0,1
78,27,70,68,0,0,1
80,20,170,82,0,0,1
34,47,24,38,0,0,1
80,65,143,75,0,0,1
44,67,169,42,0,0,1
36,92,190,41,1,0,1
79,83,161,69,0,0,1
38,84,137,44,0,0,1
31,56,191,22,1,0,1
38,43,190,41,1,0,1
31,48,159,30,0,0,1
14,64,81,24,0,0,0
60,94,180,55,0,0,1
23,81,76,35,0,0,0
50,37,161,54,0,0,1
95,70,167,100,1,0,2
69,46,30,61,0,0,1
96,99,109,104,1,1,2
45,53,96,56,0,0,1
76,44,167,73,0,0,1
98,30,159,101,1,0,2
61,99,77,59,0,0,1
62,49,48,56,0,0,1
76,67,75,85,0,0,1
80,45,180,77,0,0,1
13,46,92,23,0,0,0
58,74,101,62,0,0,1
16,30,180,23,0,0,0
61,74,67,61,0,0,1
60,52,85,61,0,0,1
23,70,143,13,0,0,0
10,52,27,6,0,0,0
56,94,118,69,0,0,1
70,53,96,71,0,0,1
44,34,135,44,0,0,1
45,56,28,50,0,0,1
45,91,31,40,0,0,1
68,47,127,77,0,0,1
88,68,51,80,0,0,2
15,68,197,22,1,0,0
87,74,141,91,0,0,2
95,59,139,91,1,0,2
93,89,169,92,1,0,2
79,26,68,72,0,0,1
79,47,192,79,1,0,1
52,29,173,65,0,0,1
78,70,61,75,0,0,1
22,21,76,24,0,0,0
21,76,179,29,0,0,0
30,24,175,31,0,0,1
89,21,162,81,0,0,2
12,85,106,6,0,0,0
87,89,103,93,0,0,2
85,64,152,83,0,0,2
71,98,180,75,0,0,1
53,44,50,65,0,0,1
66,71,68,80,0,0,1
70,37,124,64,0,0,1
92,70,115,92,1,0,2
29,97,63,41,0,0,1
41,38,94,40,0,0,1
85,62,110,93,0,0,2
14,79,157,6,0,0,0
26,76,154,34,0,0,1
58,53,109,63,0,0,1
92,61,41,96,1,0,2
85,94,73,88,0,0,2
39,80,50,47,0,0,1
79,68,40,93,0,0,1
99,27,197,97,1,0,2
53,42,135,43,0,0,1
16,44,118,17,0,0,0
99,32,98,111,1,0,2
57,77,115,69,0,0,1
43,60,114,34,0,0,1
81,28,145,94,0,0,2
96,39,136,101,1,0,2
54,29,51,60,0,0,1
48,76,111,62,0,0,1
84,65,190,74,1,0,2
13,68,171,5,0,0,0
46,97,127,42,0,0,1
52,96,72,60,0,0,1
42,24,117,50,0,0,1
74,88,57,76,0,0,1
88,49,139,98,0,0,2
78,63,116,80,0,0,1
40,85,105,42,0,0,1
99,26,133,99,1,0,2
75,46,94,67,0,0,1
38,25,91,35,0,0,1
85,21,49,97,0,0,2
15,93,178,21,0,0,0
93,35,84,104,1,0,2
90,43,131,99,0,0,2
16,85,56,24,0,0,0
31,46,58,33,0,0,1
71,72,128,70,0,0,1
44,27,134,43,0,0,1
25,96,32,33,0,0,1
28,31,38,24,0,0,1
24,92,141,17,0,0,0
27,57,75,30,0,0,1
61,86,161,66,0,0,1
94,80,60,95,1,0,2
38,22,60,40,0,0,1
53,33,138,50,0,0,1
71,27,160,80,0,0,1
13,59,26,9,0,0,0
53,98,167,64,0,0,1
38,30,177,38,0,0,1
94,23,83,91,1,0,2
51,89,130,52,0,0,1
22,52,47,30,0,0,0
72,57,165,64,0,0,1
85,54,68,78,0,0,2
18,70,38,21,0,0,0
25,34,116,22,0,0,1
77,83,181,86,1,0,1
25,53,77,35,0,0,1
89,37,128,99,0,0,2
49,84,99,56,0,0,1
51,50,76,50,0,0,1
68,20,85,64,0,0,1
33,99,100,43,0,0,1
81,79,85,77,0,0,2
97,29,199,94,1,0,2
31,41,87,38,0,0,1
58,63,101,58,0,0,1
69,76,139,60,0,0,1
37,74,191,34,1,0,1
65,64,136,76,0,0,1
92,97,138,94,1,0,2
42,75,116,45,0,0,1
86,65,64,100,0,0,2
22,84,71,31,0,0,0
26,48,57,25,0,0,1
25,22,119,21,0,0,1
10,86,173,12,0,0,0
84,34,80,80,0,0,2
21,22,194,28,1,0,0
78,38,56,68,0,0,1
25,44,80,25,0,0,1
14,66,85,20,0,0,0
25,49,47,15,0,0,1
10,41,75,19,0,0,0
79,97,168,86,0,0,1
48,51,191,39,1,0,1
17,34,62,12,0,0,0
76,31,137,68,0,0,1
52,73,69,65,0,0,1
77,42,100,80,0,0,1
20,49,88,25,0,0,0
76,51,85,86,0,0,1
19,26,135,23,0,0,0
64,42,121,54,0,0,1
42,48,177,50,0,0,1
36,63,165,41,0,0,1
92,33,97,94,1,0,2
37,28,90,47,0,0,1
11,67,31,20,0,0,0
43,23,194,39,1,0,1
24,22,185,17,1,0,0
49,55,67,41,0,0,1
23,59,51,35,0,0,0
95,63,193,87,1,0,2
46,38,102,44,0,0,1
11,59,107,9,0,0,0
72,33,54,78,0,0,1
87,59,60,98,0,0,2
66,55,98,69,0,0,1
66,55,130,78,0,0,1
13,49,95,10,0,0,0
42,95,32,40,0,0,1
39,20,185,42,1,0,1
11,36,120,6,0,0,0
92,87,165,92,1,0,2
95,99,102,108,1,1,2
25,77,153,20,0,0,1
40,29,63,39,0,0,1
50,40,28,47,0,0,1
47,64,27,53,0,0,1
81,50,82,74,0,0,2
87,49,142,88,0,0,2
21,27,26,21,0,0,0
71,75,48,69,0,0,1
40,62,188,38,1,0,1
37,58,104,49,0,0,1
64,28,73,73,0,0,1
70,98,90,78,0,0,1
70,54,148,78,0,0,1
50,81,96,57,0,0,1
68,28,198,67,1,0,1
12,62,173,16,0,0,0
64,73,121,75,0,0,1
46,22,104,55,0,0,1
60,26,121,66,0,0,1
74,82,90,85,0,0,1
93,86,89,100,1,0,2
16,26,179,21,0,0,0
46,56,188,44,1,0,1
22,38,151,33,0,0,0
10,79,69,4,0,0,0
97,81,131,99,1,0,2
81,58,142,91,0,0,2
88,30,52,97,0,0,2
65,26,146,77,0,0,1
49,97,198,51,1,0,1
80,39,23,79,0,0,1
14,77,194,15,1,0,0
79,62,194,91,1,0,1
11,46,186,3,1,0,0
53,26,137,53,0,0,1
49,74,159,55,0,0,1
67,88,35,67,0,0,1
65,40,75,72,0,0,1
89,36,100,81,0,0,2
24,82,22,36,0,0,0
57,49,179,50,0,0,1
17,44,194,20,1,0,0
86,34,93,84,0,0,2
15,41,85,18,0,0,0
17,63,24,31,0,0,0
74,37,197,66,1,0,1
73,77,59,69,0,0,1
92,37,107,106,1,0,2
19,84,164,26,0,0,0
24,31,97,16,0,0,0
91,99,86,104,1,0,2
66,84,43,79,0,0,1
37,67,94,46,0,0,1
79,30,124,83,0,0,1
60,73,96,52,0,0,1
95,29,102,91,1,0,2
81,47,69,71,0,0,2
28,88,161,24,0,0,1
59,75,149,69,0,0,1
85,28,88,87,0,0,2
65,91,193,78,1,0,1
34,93,113,39,0,0,1
17,39,34,19,0,0,0
76,38,75,77,0,0,1
44,41,66,51,0,0,1
64,26,106,59,0,0,1
88,84,53,94,0,0,2
91,31,84,93,1,0,2
66,95,33,67,0,0,1
39,61,185,31,1,0,1
27,90,138,37,0,0,1
79,80,52,84,0,0,1
25,90,138,25,0,0,1
96,39,23,97,1,0,2
25,60,159,21,0,0,1
94,58,170,98,1,0,2
81,74,144,87,0,0,2
81,30,118,91,0,0,2
43,42,195,40,1,0,1
34,37,100,32,0,0,1
79,94,49,75,0,0,1
45,52,168,44,0,0,1
54,93,37,61,0,0,1
67,86,130,80,0,0,1
86,85,57,100,0,0,2
57,87,85,54,0,0,1
18,42,104,30,0,0,0
79,91,190,76,1,0,1
56,55,66,56,0,0,1
53,29,41,59,0,0,1
55,25,117,47,0,0,1
74,75,34,72,0,0,1
14,94,107,19,0,0,0
53,91,152,61,0,0,1
55,91,167,52,0,0,1
47,94,109,38,0,0,1
14,54,71,5,0,0,0
89,90,157,87,0,0,2
46,25,78,39,0,0,1
48,31,66,42,0,0,1
71,56,100,72,0,0,1
13,89,116,14,0,0,0
37,78,65,45,0,0,1
29,99,129,37,0,0,1
39,32,68,52,0,0,1
61,26,124,70,0,0,1
48,96,72,57,0,0,1
22,62,35,35,0,0,0
40,64,80,53,0,0,1
78,98,43,82,0,0,1
94,89,53,88,1,0,2
95,68,107,102,1,0,2
84,81,77,87,0,0,2
87,77,187,78,1,0,2
32,49,198,27,1,0,1
90,83,157,104,0,0,2
68,43,185,74,1,0,1
40,96,21,51,0,0,1
45,45,77,53,0,0,1
40,60,128,47,0,0,1
51,56,97,61,0,0,1
27,34,61,20,0,0,1
42,57,159,43,0,0,1
24,84,65,16,0,0,0
58,39,117,72,0,0,1
12,88,51,23,0,0,0
89,35,100,81,0,0,2
22,83,182,30,1,0,0
68,26,66,77,0,0,1
16,86,187,27,1,0,0
36,72,131,34,0,0,1
47,42,116,55,0,0,1
12,80,41,16,0,0,0
14,55,105,10,0,0,0
93,26,173,93,1,0,2
65,96,136,69,0,0,1
78,54,33,80,0,0,1
55,96,76,52,0,0,1
98,58,114,112,1,0,2
73,82,151,66,0,0,1
89,85,85,98,0,0,2
63,40,154,54,0,0,1
19,33,30,23,0,0,0
17,30,165,13,0,0,0
36,66,185,44,1,0,1
86,98,147,98,0,0,2
86,67,30,78,0,0,2
41,29,72,50,0,0,1
21,54,66,22,0,0,0
63,30,102,71,0,0,1
64,79,147,65,0,0,1
74,96,35,70,0,0,1
39,89,135,46,0,0,1
43,90,108,46,0,0,1
22,86,192,12,1,0,0
95,51,160,101,1,0,2
50,45,90,46,0,0,1
15,45,101,17,0,0,0
64,89,49,62,0,0,1
28,86,46,37,0,0,1
79,39,98,77,0,0,1
65,87,172,68,0,0,1
91,96,141,98,1,0,2
71,99,176,81,0,0,1
11,30,30,17,0,0,0
36,53,148,34,0,0,1
39,80,29,34,0,0,1
25,91,49,23,0,0,1
28,75,170,33,0,0,1
74,37,179,79,0,0,1
39,82,169,30,0,0,1
30,22,153,43,0,0,1
76,42,23,84,0,0,1
69,46,60,62,0,0,1
21,81,169,11,0,0,0
92,44,153,97,1,0,2
66,70,153,67,0,0,1
44,92,22,48,0,0,1
59,62,40,65,0,0,1
42,83,114,43,0,0,1
66,42,119,60,0,0,1
78,90,91,76,0,0,1
51,22,22,58,0,0,1
22,36,51,15,0,0,0
94,23,117,107,1,0,2
38,39,130,49,0,0,1
71,21,99,67,0,0,1
79,46,146,69,0,0,1
65,68,130,67,0,0,1
27,70,152,29,0,0,1
13,24,186,10,1,0,0
40,81,107,47,0,0,1
59,20,179,49,0,0,1
40,59,114,38,0,0,1
44,24,105,35,0,0,1
97,46,61,92,1,0,2
27,97,128,24,0,0,1
16,48,134,18,0,0,0
38,31,156,38,0,0,1
11,74,157,11,0,0,0
77,22,30,89,0,0,1
59,77,36,64,0,0,1
73,56,89,87,0,0,1
84,22,54,91,0,0,2
53,49,161,52,0,0,1
13,68,135,15,0,0,0
58,27,110,68,0,0,1
33,71,33,35,0,0,1
67,42,185,62,1,0,1
56,73,27,62,0,0,1
99,55,160,92,1,0,2
41,38,160,40,0,0,1
19,86,56,9,0,0,0
28,36,153,38,0,0,1
23,50,137,36,0,0,0
11,43,22,6,0,0,0
99,62,52,93,1,0,2
18,70,199,32,1,0,0
70,74,167,70,0,0,1
68,89,27,64,0,0,1
91,59,36,97,1,0,2
60,56,124,53,0,0,1
43,82,127,55,0,0,1
87,24,93,80,0,0,2
74,25,123,80,0,0,1
82,87,21,91,0,0,2
63,71,194,57,1,0,1
80,27,136,87,0,0,1
82,89,28,77,0,0,2
67,96,73,57,0,0,1
39,51,57,41,0,0,1
45,44,37,55,0,0,1
19,23,127,16,0,0,0
82,92,66,74,0,0,2
67,92,102,81,0,0,1
18,98,188,27,1,0,0
62,45,39,65,0,0,1
68,71,38,69,0,0,1
96,92,148,105,1,1,2
57,71,25,62,0,0,1
80,44,66,84,0,0,1
57,38,63,55,0,0,1
82,29,55,73,0,0,2
21,98,152,35,0,0,0
25,32,150,16,0,0,1
75,22,84,77,0,0,1
54,33,24,67,0,0,1
89,91,120,95,0,0,2
54,30,37,64,0,0,1
66,51,74,60,0,0,1
73,92,61,80,0,0,1
31,47,121,26,0,0,1
21,70,22,20,0,0,0
73,70,27,66,0,0,1
51,82,143,54,0,0,1
24,92,176,20,0,0,0
13,44,95,8,0,0,0
52,99,21,42,0,0,1
70,89,177,83,0,0,1
33,22,25,40,0,0,1
60,99,85,69,0,0,1
93,63,108,95,1,0,2
79,42,128,76,0,0,1
58,21,199,70,1,0,1
37,58,43,35,0,0,1
15,71,143,13,0,0,0
35,69,160,26,0,0,1
29,86,180,26,0,0,1
10,45,20,1,0,0,0
23,44,177,20,0,0,0
87,77,30,88,0,0,2
20,70,73,34,0,0,0
10,32,89,2,0,0,0
66,70,95,75,0,0,1
32,43,112,38,0,0,1
65,94,167,64,0,0,1
13,81,159,18,0,0,0
47,84,154,47,0,0,1
36,38,58,36,0,0,1
44,45,25,44,0,0,1
29,44,101,43,0,0,1
65,48,68,67,0,0,1
68,96,179,71,0,0,1
84,52,127,92,0,0,2
52,50,121,62,0,0,1
50,80,111,59,0,0,1
61,62,188,60,1,0,1
65,78,96,73,0,0,1
14,43,172,8,0,0,0
35,93,98,26,0,0,1
95,50,178,92,1,0,2
33,52,48,44,0,0,1
40,50,35,43,0,0,1
13,75,78,3,0,0,0
35,42,189,30,1,0,1
47,62,33,50,0,0,1
70,64,63,82,0,0,1
60,95,162,59,0,0,1
47,60,175,58,0,0,1
51,83,126,61,0,0,1
99,69,133,89,1,0,2
93,57,185,85,1,0,2
19,85,167,27,0,0,0
95,83,166,100,1,0,2
69,80,165,79,0,0,1
70,46,78,64,0,0,1
80,84,131,91,0,0,1
55,52,173,51,0,0,1
15,81,77,25,0,0,0
59,24,36,65,0,0,1
85,91,190,79,1,0,2
60,79,67,50,0,0,1
30,70,46,34,0,0,1
77,28,149,74,0,0,1
36,55,192,44,1,0,1
47,57,110,46,0,0,1
27,86,161,35,0,0,1
17,22,153,26,0,0,0
34,46,46,39,0,0,1
99,40,23,91,1,0,2
98,47,110,89,1,0,2
25,57,103,21,0,0,1
77,41,50,86,0,0,1
30,80,136,22,0,0,1
90,21,168,103,0,0,2
29,31,132,38,0,0,1
50,85,172,59,0,0,1
69,54,118,78,0,0,1
71,48,151,78,0,0,1
16,47,199,8,1,0,0
61,26,176,70,0,0,1
50,71,194,52,1,0,1
70,99,186,67,1,0,1
64,81,135,70,0,0,1
18,80,138,21,0,0,0
52,25,146,44,0,0,1
16,37,107,27,0,0,0
41,20,63,48,0,0,1
85,77,190,86,1,0,2
58,53,122,69,0,0,1
81,27,110,89,0,0,2
88,76,193,84,1,0,2
47,74,190,39,1,0,1
44,59,66,41,0,0,1
21,34,97,29,0,0,0
48,32,128,53,0,0,1
43,84,36,45,0,0,1
42,42,50,40,0,0,1
52,74,158,63,0,0,1
71,78,46,63,0,0,1
62,85,112,59,0,0,1
47,47,57,39,0,0,1
45,23,195,57,1,0,1
21,56,66,30,0,0,0
96,53,173,100,1,0,2
52,60,144,44,0,0,1
41,65,65,41,0,0,1
22,63,148,33,0,0,0
52,66,121,65,0,0,1
18,64,110,32,0,0,0
65,90,112,67,0,0,1
31,43,196,36,1,0,1
66,94,125,80,0,0,1
35,85,92,42,0,0,1
36,39,132,46,0,0,1
79,89,179,88,0,0,1
74,97,28,86,0,0,1
35,53,136,36,0,0,1
72,66,176,82,0,0,1
12,86,55,7,0,0,0
66,28,196,73,1,0,1
37,20,164,35,0,0,1
67,40,83,80,0,0,1
64,72,152,54,0,0,1
78,70,88,75,0,0,1
25,24,91,22,0,0,1
56,84,118,62,0,0,1
55,85,70,58,0,0,1
19,92,111,22,0,0,0
61,87,77,75,0,0,1
58,40,114,51,0,0,1
74,75,36,68,0,0,1
26,93,136,25,0,0,1
18,57,126,31,0,0,0
62,93,151,55,0,0,1
65,27,172,69,0,0,1
75,47,48,72,0,0,1
59,61,103,54,0,0,1
88,86,110,88,0,0,2
25,73,53,21,0,0,1
25,24,95,20,0,0,1
20,53,42,23,0,0,0
99,97,105,110,1,1,2
79,99,151,74,0,0,1
84,56,172,90,0,0,2
92,37,44,94,1,0,2
37,29,159,43,0,0,1
62,45,154,56,0,0,1
31,69,189,25,1,0,1
98,35,185,88,1,0,2
46,38,166,50,0,0,1
53,83,175,45,0,0,1
12,94,75,17,0,0,0
34,44,185,46,1,0,1
95,29,161,90,1,0,2
22,49,62,16,0,0,0
93,79,189,107,1,0,2
65,95,128,68,0,0,1
40,41,185,41,1,0,1
59,66,93,58,0,0,1
29,38,62,24,0,0,1
91,91,80,103,1,0,2
33,92,95,39,0,0,1
23,24,26,17,0,0,0
85,77,191,77,1,0,2
59,29,147,71,0,0,1
53,26,58,46,0,0,1
16,64,160,29,0,0,0
65,68,81,69,0,0,1
94,65,36,89,1,0,2
51,72,39,47,0,0,1
15,47,68,6,0,0,0
91,92,44,83,1,0,2
59,43,49,69,0,0,1
33,98,69,24,0,0,1
33,45,23,35,0,0,1
34,73,58,28,0,0,1
43,70,56,36,0,0,1
59,21,112,51,0,0,1
78,61,35,73,0,0,1
94,55,169,108,1,0,2
15,96,86,13,0,0,0
60,87,124,59,0,0,1
88,70,138,88,0,0,2
79,71,109,69,0,0,1
35,72,153,44,0,0,1
90,92,46,91,0,0,2
49,65,35,57,0,0,1
77,66,56,82,0,0,1
85,61,105,95,0,0,2
31,44,80,37,0,0,1
27,39,161,40,0,0,1
65,73,38,77,0,0,1
43,45,76,35,0,0,1
51,46,113,46,0,0,1
93,50,183,100,1,0,2
94,44,163,93,1,0,2
68,56,37,62,0,0,1
25,76,69,28,0,0,1
20,40,85,14,0,0,0
24,93,88,36,0,0,0
12,36,139,24,0,0,0
46,95,69,36,0,0,1
57,29,131,52,0,0,1
66,22,93,68,0,0,1
88,76,71,94,0,0,2
69,42,112,73,0,0,1
37,69,150,39,0,0,1
97,88,161,110,1,0,2
63,85,91,65,0,0,1
91,34,120,84,1,0,2
11,39,111,11,0,0,0
84,82,97,75,0,0,2
50,86,168,54,0,0,1
24,47,30,37,0,0,0
98,49,93,103,1,0,2
20,83,22,15,0,0,0
87,79,170,89,0,0,2
16,80,198,6,1,0,0
71,75,28,76,0,0,1
68,51,116,81,0,0,1
90,90,29,101,0,0,2
67,63,177,72,0,0,1
12,20,199,25,1,0,0
71,50,103,62,0,0,1
16,91,90,9,0,0,0
23,85,38,30,0,0,0
95,80,135,88,1,0,2
96,70,32,106,1,0,2
26,37,23,25,0,0,1
79,49,94,72,0,0,1
30,22,140,33,0,0,1
61,83,74,73,0,0,1
43,67,115,56,0,0,1
39,57,158,34,0,0,1
92,78,80,83,1,0,2
65,63,99,75,0,0,1
80,43,157,80,0,0,1
17,65,30,30,0,0,0
89,84,79,86,0,0,2
12,47,44,10,0,0,0
93,60,27,89,1,0,2
27,60,184,32,1,0,1
28,80,93,31,0,0,1
19,46,32,14,0,0,0
45,60,54,44,0,0,1
34,32,71,29,0,0,1
49,43,145,47,0,0,1
51,61,24,57,0,0,1
67,56,166,63,0,0,1
95,36,71,108,1,0,2
16,31,125,24,0,0,0
65,86,79,64,0,0,1
68,33,130,77,0,0,1
38,62,30,42,0,0,1
48,89,73,60,0,0,1
93,92,107,98,1,1,2
28,43,33,25,0,0,1
22,85,129,16,0,0,0
37,34,144,29,0,0,1
46,26,74,54,0,0,1
91,79,197,101,1,0,2
53,24,74,51,0,0,1
51,40,184,47,1,0,1
39,29,119,48,0,0,1
39,83,150,31,0,0,1
46,73,190,47,1,0,1
79,88,117,72,0,0,1
94,62,52,95,1,0,2
17,62,81,22,0,0,0
10,21,21,6,0,0,0
65,85,114,77,0,0,1
47,80,107,49,0,0,1
62,53,77,61,0,0,1
95,73,29,97,1,0,2
77,34,77,73,0,0,1
45,62,152,37,0,0,1
11,24,178,21,0,0,0
68,43,117,78,0,0,1
11,98,115,5,0,0,0
73,27,80,75,0,0,1
47,33,82,58,0,0,1
36,63,68,32,0,0,1
75,52,139,76,0,0,1
46,66,125,53,0,0,1
39,55,64,39,0,0,1
36,86,98,36,0,0,1
26,24,193,23,1,0,1
58,55,118,59,0,0,1
82,90,46,95,0,0,2
15,68,145,20,0,0,0
15,71,119,8,0,0,0
90,99,150,81,0,0,2
44,77,95,57,0,0,1
84,96,107,83,0,0,2
65,23,41,75,0,0,1
15,24,144,8,0,0,0
56,50,62,61,0,0,1
77,43,57,87,0,0,1
34,69,161,45,0,0,1
60,24,34,70,0,0,1
48,90,124,56,0,0,1
99,81,36,104,1,0,2
46,86,111,48,0,0,1
50,35,67,42,0,0,1
94,34,146,91,1,0,2
75,68,124,78,0,0,1
55,53,191,46,1,0,1
84,22,144,93,0,0,2
35,51,166,41,0,0,1
76,82,158,69,0,0,1
79,25,120,78,0,0,1
13,53,96,5,0,0,0
63,31,145,68,0,0,1
49,84,26,56,0,0,1
55,39,20,49,0,0,1
20,80,76,10,0,0,0
44,90,96,54,0,0,1
22,29,171,20,0,0,0
35,93,29,35,0,0,1
47,39,187,39,1,0,1
49,49,73,61,0,0,1
91,23,74,91,1,0,2
38,77,48,29,0,0,1
36,51,122,47,0,0,1
27,40,27,41,0,0,1
83,72,57,85,0,0,2
73,29,70,64,0,0,1
10,82,147,20,0,0,0
14,94,170,8,0,0,0
69,78,148,63,0,0,1
47,45,156,38,0,0,1
34,50,127,48,0,0,1
45,27,104,36,0,0,1
63,54,166,70,0,0,1
50,92,102,48,0,0,1
87,53,61,83,0,0,2
33,49,71,42,0,0,1
77,37,44,90,0,0,1
55,65,159,47,0,0,1
69,49,79,69,0,0,1
90,40,117,83,0,0,2
36,51,185,37,1,0,1
26,71,158,20,0,0,1
57,39,97,55,0,0,1
19,57,89,20,0,0,0
18,70,79,10,0,0,0
83,40,152,90,0,0,2
24,47,37,27,0,0,0
62,78,91,68,0,0,1
71,26,140,73,0,0,1
53,67,179,62,0,0,1
13,36,64,17,0,0,0
59,59,156,49,0,0,1
74,45,186,74,1,0,1
55,53,190,59,1,0,1
70,62,123,64,0,0,1
28,73,38,23,0,0,1
84,88,128,80,0,0,2
43,47,26,36,0,0,1
87,26,176,91,0,0,2
27,92,195,37,1,0,1
62,51,35,73,0,0,1
31,54,175,30,0,0,1
29,40,89,35,0,0,1
72,94,163,79,0,0,1
71,25,33,78,0,0,1
29,27,27,26,0,0,1
67,45,96,72,0,0,1
23,87,97,34,0,0,0
93,38,193,103,1,0,2
64,26,37,59,0,0,1
51,54,90,56,0,0,1
68,20,168,74,0,0,1
22,92,62,23,0,0,0
88,32,141,99,0,0,2
13,49,170,21,0,0,0
93,36,122,90,1,0,2
60,65,165,51,0,0,1
41,96,141,41,0,0,1
79,70,109,74,0,0,1
70,94,55,77,0,0,1
99,46,71,110,1,0,2
65,90,164,62,0,0,1
88,41,127,83,0,0,2
57,30,92,50,0,0,1
36,82,130,48,0,0,1
84,50,119,92,0,0,2
50,94,185,61,1,0,1
68,96,141,70,0,0,1
56,40,118,66,0,0,1
94,54,134,102,1,0,2
59,98,98,67,0,0,1
86,48,24,88,0,0,2
94,79,49,93,1,0,2
75,58,154,84,0,0,1
78,72,130,79,0,0,1
99,26,158,99,1,0,2
49,35,166,52,0,0,1
22,63,158,28,0,0,0
64,71,39,56,0,0,1
42,98,124,35,0,0,1
29,52,50,41,0,0,1
43,45,152,57,0,0,1
99,41,146,108,1,0,2
17,37,29,11,0,0,0
60,94,145,72,0,0,1
44,93,69,53,0,0,1
18,35,157,15,0,0,0
31,57,38,37,0,0,1
25,63,188,16,1,0,1
22,63,146,21,0,0,0
46,31,142,43,0,0,1
63,79,125,67,0,0,1
99,51,118,97,1,0,2
39,28,151,49,0,0,1
91,34,41,86,1,0,2
19,61,185,18,1,0,0
59,62,23,59,0,0,1
31,76,165,43,0,0,1
36,95,33,28,0,0,1
72,86,157,64,0,0,1
90,75,199,97,1,0,2
47,49,149,44,0,0,1
20,53,132,22,0,0,0
28,20,52,19,0,0,1
84,83,121,91,0,0,2
12,83,91,26,0,0,0
83,81,120,80,0,0,2
50,66,59,52,0,0,1
90,67,196,80,1,0,2
28,74,38,32,0,0,1
38,31,140,48,0,0,1
96,44,197,109,1,0,2
14,88,36,9,0,0,0
15,38,148,29,0,0,0
34,40,33,47,0,0,1
69,58,129,81,0,0,1
89,27,142,97,0,0,2
15,41,72,15,0,0,0
52,43,69,65,0,0,1
39,80,101,34,0,0,1
12,23,128,5,0,0,0
96,98,29,86,1,1,2
33,39,58,36,0,0,1
14,25,24,7,0,0,0
87,47,199,85,1,0,2
92,53,114,93,1,0,2
23,69,163,30,0,0,0
87,28,63,89,0,0,2
98,20,65,96,1,0,2
72,97,178,84,0,0,1
43,39,179,44,0,0,1
17,96,42,24,0,0,0
90,55,44,104,0,0,2
31,55,27,37,0,0,1
99,85,71,105,1,0,2
16,43,47,22,0,0,0
53,73,114,51,0,0,1
14,95,94,22,0,0,0
31,41,199,25,1,0,1
15,83,38,6,0,0,0
82,25,157,82,0,0,2
60,48,96,53,0,0,1
61,33,189,51,1,0,1
72,52,79,65,0,0,1
15,76,30,18,0,0,0
33,26,52,32,0,0,1
40,85,169,35,0,0,1
22,36,53,35,0,0,0
80,98,52,86,0,0,1
72,94,140,82,0,0,1
47,48,116,44,0,0,1
59,49,43,50,0,0,1
57,80,122,64,0,0,1
74,95,118,65,0,0,1
16,54,148,13,0,0,0
56,71,83,51,0,0,1
46,90,134,42,0,0,1
31,41,42,43,0,0,1
21,80,188,14,1,0,0
76,79,151,87,0,0,1
77,42,38,77,0,0,1
97,72,51,111,1,0,2
88,31,80,79,0,0,2
81,71,152,91,0,0,2
61,54,187,56,1,0,1
45,94,46,59,0,0,1
69,36,119,81,0,0,1
83,74,103,96,0,0,2
95,39,161,86,1,0,2
60,50,99,66,0,0,1
76,77,120,73,0,0,1
88,87,178,82,0,0,2
70,55,25,68,0,0,1
86,40,147,79,0,0,2
24,66,156,24,0,0,0
60,39,32,64,0,0,1
79,83,148,75,0,0,1
14,27,91,11,0,0,0
20,59,165,16,0,0,0
71,37,76,67,0,0,1
11,96,183,12,1,0,0
64,67,100,64,0,0,1
34,73,139,28,0,0,1
32,75,116,44,0,0,1
87,59,156,83,0,0,2
87,80,135,86,0,0,2
63,76,116,74,0,0,1
93,79,88,96,1,0,2
70,38,141,68,0,0,1
73,67,28,69,0,0,1
30,95,135,44,0,0,1
75,92,73,66,0,0,1
73,42,97,74,0,0,1
26,88,55,30,0,0,1
54,57,48,49,0,0,1
59,54,56,61,0,0,1
51,81,143,53,0,0,1
31,21,51,42,0,0,1
94,62,24,84,1,0,2
24,95,157,38,0,0,0
32,73,68,39,0,0,1
91,71,139,97,1,0,2
67,42,144,80,0,0,1
66,22,160,80,0,0,1
84,89,121,96,0,0,2
62,66,189,66,1,0,1
36,39,92,41,0,0,1
84,43,133,88,0,0,2
16,91,146,18,0,0,0
70,43,128,68,0,0,1
34,38,136,47,0,0,1
85,25,198,89,1,0,2
97,33,106,106,1,0,2
56,70,40,56,0,0,1
57,86,160,67,0,0,1
47,45,183,49,1,0,1
82,22,168,94,0,0,2
59,99,113,71,0,0,1
19,67,49,17,0,0,0
81,84,34,79,0,0,2
98,45,181,100,1,0,2
46,48,77,57,0,0,1
11,71,192,5,1,0,0
71,98,183,73,1,0,1
34,43,154,45,0,0,1
39,63,199,41,1,0,1
68,57,185,79,1,0,1
37,45,71,33,0,0,1
47,84,127,53,0,0,1
12,61,150,6,0,0,0
17,55,74,8,0,0,0
62,35,21,53,0,0,1
24,70,182,15,1,0,0
67,27,111,81,0,0,1
53,50,21,55,0,0,1
95,54,173,97,1,0,2
11,21,79,22,0,0,0
41,87,23,41,0,0,1
38,29,88,42,0,0,1
61,74,74,71,0,0,1
90,80,193,87,1,0,2
36,57,173,28,0,0,1
70,69,167,65,0,0,1
90,40,171,91,0,0,2
72,88,65,71,0,0,1
36,42,113,27,0,0,1
34,22,100,39,0,0,1
70,79,173,81,0,0,1
84,89,45,89,0,0,2
94,79,113,108,1,0,2
91,76,112,87,1,0,2
21,85,77,25,0,0,0
33,93,43,47,0,0,1
46,40,45,45,0,0,1
93,95,130,94,1,1,2
59,88,148,69,0,0,1
67,47,139,78,0,0,1
12,22,35,12,0,0,0
79,46,27,69,0,0,1
82,22,139,92,0,0,2
68,51,61,81,0,0,1
62,40,181,63,1,0,1
37,55,114,33,0,0,1
65,49,83,56,0,0,1
36,20,94,35,0,0,1
46,28,139,46,0,0,1
83,80,163,82,0,0,2
58,30,147,65,0,0,1
70,79,32,74,0,0,1
32,50,70,39,0,0,1
99,29,34,108,1,0,2
64,46,57,66,0,0,1
68,94,128,72,0,0,1
17,55,34,17,0,0,0
55,34,21,52,0,0,1
89,47,169,92,0,0,2
96,34,176,91,1,0,2
70,29,27,60,0,0,1
14,69,176,16,0,0,0
11,69,89,12,0,0,0
13,52,157,26,0,0,0
96,60,96,97,1,0,2
92,86,104,99,1,0,2
22,52,38,15,0,0,0
74,49,125,79,0,0,1
34,63,22,30,0,0,1
40,51,131,43,0,0,1
17,28,109,30,0,0,0
12,55,142,21,0,0,0
33,23,80,31,0,0,1
39,81,134,41,0,0,1
46,91,181,55,1,0,1
78,95,107,83,0,0,1
95,28,74,85,1,0,2
41,77,44,34,0,0,1
83,35,87,81,0,0,2
30,28,136,40,0,0,1
29,80,92,43,0,0,1
88,94,153,94,0,0,2
17,52,139,14,0,0,0
46,44,173,49,0,0,1
46,91,80,38,0,0,1
46,77,43,56,0,0,1
64,85,59,67,0,0,1
77,46,33,68,0,0,1
68,92,67,79,0,0,1
82,36,92,81,0,0,2
47,28,38,39,0,0,1
89,20,177,81,0,0,2
20,27,166,22,0,0,0
91,78,177,99,1,0,2
20,21,110,19,0,0,0
80,90,42,74,0,0,1
74,72,135,70,0,0,1
83,74,34,76,0,0,2
81,80,161,94,0,0,2
12,51,110,12,0,0,0
75,82,30,87,0,0,1
83,46,65,90,0,0,2
55,50,194,67,1,0,1
19,97,180,21,0,0,0
45,85,130,57,0,0,1
52,23,119,60,0,0,1
47,79,48,60,0,0,1
17,87,80,29,0,0,0
47,46,133,50,0,0,1
15,47,43,17,0,0,0
72,59,89,64,0,0,1
17,25,130,18,0,0,0
43,69,76,41,0,0,1
21,68,189,30,1,0,0
20,43,43,27,0,0,0
99,82,182,90,1,0,2
23,75,162,17,0,0,0
31,94,176,26,0,0,1
22,57,97,13,0,0,0
31,94,103,43,0,0,1
24,51,75,21,0,0,0
33,66,84,47,0,0,1
82,78,43,92,0,0,2
85,73,169,89,0,0,2
67,73,37,73,0,0,1
87,42,47,81,0,0,2
48,75,84,41,0,0,1
98,44,117,94,1,0,2
20,20,30,22,0,0,0
53,94,195,59,1,0,1
55,24,64,65,0,0,1
61,50,164,67,0,0,1
26,54,185,23,1,0,1
58,96,28,62,0,0,1
30,46,75,28,0,0,1
44,99,134,53,0,0,1
40,82,97,33,0,0,1
71,39,140,68,0,0,1
17,54,116,13,0,0,0
90,41,83,92,0,0,2
10,78,64,2,0,0,0
68,49,35,76,0,0,1
50,75,141,40,0,0,1
85,90,158,79,0,0,2
11,52,65,16,0,0,0
28,45,142,33,0,0,1
60,61,38,74,0,0,1
53,23,187,51,1,0,1
71,67,44,63,0,0,1
90,54,80,99,0,0,2
74,43,103,68,0,0,1
20,57,35,20,0,0,0
76,98,188,80,1,0,1
53,26,115,61,0,0,1
15,71,95,29,0,0,0
26,26,75,33,0,0,1
97,49,172,91,1,0,2
61,91,195,73,1,0,1
53,93,108,67,0,0,1
72,89,132,81,0,0,1
52,64,175,60,0,0,1
10,87,25,5,0,0,0
19,88,195,22,1,0,0
41,90,79,40,0,0,1
39,56,142,50,0,0,1
80,52,160,86,0,0,1
63,83,127,69,0,0,1
84,21,170,86,0,0,2
57,73,86,71,0,0,1
76,97,53,78,0,0,1
66,24,167,71,0,0,1
25,88,189,22,1,0,1
62,39,87,65,0,0,1
34,60,176,45,0,0,1
93,97,142,106,1,1,2
32,61,36,22,0,0,1
97,48,188,91,1,0,2
54,94,161,65,0,0,1
22,99,92,32,0,0,0
89,32,166,87,0,0,2
45,90,77,45,0,0,1
40,86,126,50,0,0,1
80,90,146,79,0,0,1
39,85,43,42,0,0,1
96,87,64,109,1,0,2
70,22,180,62,0,0,1
97,49,46,103,1,0,2
51,52,51,45,0,0,1
23,94,32,23,0,0,0
21,42,27,34,0,0,0
89,36,175,91,0,0,2
36,92,109,28,0,0,1
68,91,36,70,0,0,1
74,57,76,70,0,0,1
19,35,191,27,1,0,0
31,68,166,44,0,0,1
37,21,188,45,1,0,1
61,88,189,74,1,0,1
18,61,37,24,0,0,0
88,63,153,96,0,0,2
98,70,131,96,1,0,2
17,93,176,27,0,0,0
65,91,73,74,0,0,1
69,29,190,68,1,0,1
19,23,182,16,1,0,0
87,26,140,90,0,0,2
56,94,82,65,0,0,1
49,30,177,61,0,0,1
50,22,136,48,0,0,1
47,81,122,48,0,0,1
48,23,96,47,0,0,1
80,76,122,72,0,0,1
40,95,194,35,1,0,1
87,36,62,99,0,0,2
77,48,140,85,0,0,1
93,78,53,88,1,0,2
46,97,43,59,0,0,1
23,29,198,25,1,0,0
95,42,87,109,1,0,2
36,25,113,38,0,0,1
11,92,78,11,0,0,0
79,87,129,75,0,0,1
38,79,178,30,0,0,1
20,98,48,29,0,0,0
96,81,173,106,1,0,2
61,60,152,70,0,0,1
73,90,114,63,0,0,1
97,42,138,90,1,0,2
73,24,126,72,0,0,1
86,91,174,95,0,0,2
22,28,42,28,0,0,0
79,63,189,73,1,0,1
73,95,49,85,0,0,1
13,72,166,22,0,0,0
32,46,140,44,0,0,1
94,93,159,108,1,1,2
30,52,163,22,0,0,1
54,53,187,48,1,0,1
30,51,123,41,0,0,1
81,28,26,74,0,0,2
63,29,35,60,0,0,1
50,41,125,55,0,0,1
17,38,59,11,0,0,0
44,74,31,40,0,0,1
48,99,148,40,0,0,1
92,90,131,92,1,0,2
17,61,111,24,0,0,0
83,48,133,82,0,0,2
72,50,35,67,0,0,1
26,60,64,24,0,0,1
34,78,71,46,0,0,1
41,79,158,54,0,0,1
97,39,72,105,1,0,2
40,42,112,36,0,0,1
49,44,185,61,1,0,1
96,54,144,108,1,0,2
90,20,112,97,0,0,2
19,66,67,27,0,0,0
25,22,153,27,0,0,1
97,71,97,102,1,0,2
99,69,68,111,1,0,2
20,78,133,18,0,0,0
66,30,191,76,1,0,1
33,89,140,43,0,0,1
71,27,154,83,0,0,1
40,26,81,54,0,0,1
43,85,123,44,0,0,1
20,66,158,10,0,0,0
43,93,174,45,0,0,1
86,70,75,80,0,0,2
40,42,41,43,0,0,1
89,58,73,91,0,0,2
43,47,126,48,0,0,1
74,36,22,71,0,0,1
46,81,90,50,0,0,1
88,41,127,86,0,0,2
94,61,89,91,1,0,2
50,75,108,62,0,0,1
14,77,198,20,1,0,0
17,21,103,7,0,0,0
87,66,112,87,0,0,2
74,46,171,82,0,0,1
47,61,67,52,0,0,1
38,42,175,35,0,0,1
66,27,39,64,0,0,1
86,74,190,92,1,0,2
53,87,134,60,0,0,1
33,66,112,47,0,0,1
28,24,192,19,1,0,1
63,81,155,77,0,0,1
76,44,36,90,0,0,1
80,76,52,87,0,0,1
46,29,83,58,0,0,1
22,74,190,20,1,0,0
17,64,155,26,0,0,0
19,53,197,20,1,0,0
89,39,32,93,0,0,2
23,50,194,13,1,0,0
36,38,153,43,0,0,1
89,70,167,88,0,0,2
99,81,103,90,1,0,2
15,44,102,12,0,0,0
40,83,30,50,0,0,1
55,65,135,69,0,0,1
84,86,77,85,0,0,2
59,99,121,52,0,0,1
48,20,161,38,0,0,1
71,26,33,69,0,0,1
60,38,182,74,1,0,1
42,38,110,40,0,0,1
27,40,196,34,1,0,1
23,81,147,33,0,0,0
21,63,198,21,1,0,0
24,41,179,14,0,0,0
13,39,67,12,0,0,0
80,57,197,91,1,0,1
22,48,180,12,0,0,0
32,80,153,36,0,0,1
26,80,128,40,0,0,1
10,29,107,8,0,0,0
32,68,95,36,0,0,1
46,64,55,42,0,0,1
59,85,35,64,0,0,1
22,39,114,36,0,0,0
61,26,146,57,0,0,1
53,78,52,59,0,0,1
37,82,57,27,0,0,1
14,31,101,14,0,0,0
94,74,92,84,1,0,2
66,50,126,70,0,0,1
50,86,107,48,0,0,1
70,53,60,83,0,0,1
63,51,124,71,0,0,1
60,93,101,55,0,0,1
93,39,124,104,1,0,2
72,70,193,71,1,0,1
95,43,107,87,1,0,2
71,92,62,80,0,0,1
86,79,176,87,0,0,2
54,90,73,66,0,0,1
85,52,94,81,0,0,2
61,90,181,60,1,0,1
11,33,181,2,1,0,0
16,97,156,16,0,0,0
26,86,153,18,0,0,1
16,21,99,22,0,0,0
64,25,142,65,0,0,1
27,20,48,38,0,0,1
35,43,132,42,0,0,1
76,23,72,75,0,0,1
12,25,73,9,0,0,0
55,54,108,47,0,0,1
48,59,115,59,0,0,1
84,59,187,93,1,0,2
40,40,108,45,0,0,1
63,62,48,66,0,0,1
63,97,160,53,0,0,1
64,65,70,68,0,0,1
29,56,100,42,0,0,1
84,26,192,79,1,0,2
87,21,47,100,0,0,2
16,84,83,17,0,0,0
82,32,21,76,0,0,2
27,70,180,32,0,0,1
80,71,136,73,0,0,1
74,28,187,70,1,0,1
76,20,88,78,0,0,1
14,90,32,22,0,0,0
95,40,69,90,1,0,2
93,40,62,94,1,0,2
34,50,102,33,0,0,1
39,59,167,42,0,0,1
59,37,59,51,0,0,1
73,31,147,66,0,0,1
44,39,73,40,0,0,1
78,78,53,79,0,0,1
33,59,28,40,0,0,1
27,47,113,22,0,0,1
70,48,125,77,0,0,1
54,90,79,44,0,0,1
14,36,105,8,0,0,0
51,97,95,42,0,0,1
28,87,148,35,0,0,1
32,56,31,26,0,0,1
80,26,23,94,0,0,1
97,35,86,91,1,0,2
18,31,75,14,0,0,0
32,40,135,40,0,0,1
27,89,60,29,0,0,1
45,38,74,44,0,0,1
98,66,130,92,1,0,2
97,33,148,110,1,0,2
89,65,136,81,0,0,2
82,62,29,73,0,0,2
10,70,145,4,0,0,0
79,60,83,89,0,0,1
32,34,35,42,0,0,1
71,50,84,64,0,0,1
92,64,81,85,1,0,2
84,38,39,88,0,0,2
52,79,31,51,0,0,1
16,85,57,24,0,0,0
76,37,128,82,0,0,1
25,87,189,19,1,0,1
77,70,102,74,0,0,1
70,61,125,78,0,0,1
65,93,53,79,0,0,1
56,94,77,69,0,0,1
57,57,56,49,0,0,1
75,39,60,80,0,0,1
49,88,22,49,0,0,1
91,52,24,102,1,0,2
86,67,120,98,0,0,2
16,81,156,12,0,0,0
15,69,128,8,0,0,0
75,90,91,69,0,0,1
76,99,110,68,0,0,1
29,97,71,25,0,0,1
13,75,193,10,1,0,0
24,63,145,19,0,0,0
45,45,82,56,0,0,1
31,59,86,27,0,0,1
59,49,117,56,0,0,1
77,97,108,70,0,0,1
19,93,151,18,0,0,0
19,52,42,17,0,0,0
32,60,198,23,1,0,1
78,81,120,78,0,0,1
50,52,195,40,1,0,1
40,87,187,44,1,0,1
74,87,114,83,0,0,1
80,29,69,87,0,0,1
44,53,135,47,0,0,1
44,72,174,56,0,0,1
86,43,162,80,0,0,2
62,70,193,62,1,0,1
76,24,99,72,0,0,1
41,93,39,41,0,0,1
75,21,148,69,0,0,1
73,67,75,70,0,0,1
30,36,90,44,0,0,1
72,72,172,73,0,0,1
14,99,24,23,0,0,0
83,81,25,95,0,0,2
60,46,199,60,1,0,1
50,73,90,40,0,0,1
45,73,21,47,0,0,1
24,46,196,38,1,0,0
66,28,107,76,0,0,1
61,89,145,56,0,0,1
34,54,31,24,0,0,1
63,77,169,77,0,0,1
23,83,108,25,0,0,0
14,84,41,6,0,0,0
16,29,171,9,0,0,0
37,76,98,30,0,0,1
13,57,172,13,0,0,0
25,99,44,25,0,0,1
94,94,186,98,1,1,2
44,25,141,55,0,0,1
46,73,46,41,0,0,1
42,46,149,46,0,0,1
23,50,46,27,0,0,0
91,41,29,81,1,0,2
49,39,105,62,0,0,1
59,78,115,67,0,0,1
60,75,192,67,1,0,1
68,66,84,59,0,0,1
41,66,64,49,0,0,1
99,91,196,99,1,1,2
81,20,121,87,0,0,2
35,69,134,34,0,0,1
71,81,73,67,0,0,1
59,96,104,68,0,0,1
29,91,58,38,0,0,1
24,33,120,22,0,0,0
97,27,100,103,1,0,2
59,33,28,68,0,0,1
33,33,158,43,0,0,1
18,80,35,21,0,0,0
20,70,100,29,0,0,0
96,50,119,103,1,0,2
54,52,36,45,0,0,1
99,33,68,96,1,0,2
41,46,183,47,1,0,1
66,44,158,59,0,0,1
26,52,23,17,0,0,1
53,51,165,60,0,0,1
43,59,54,56,0,0,1
29,49,182,39,1,0,1
62,28,104,74,0,0,1
20,47,77,29,0,0,0
82,33,99,74,0,0,2
50,46,90,63,0,0,1
33,66,190,46,1,0,1
48,43,59,51,0,0,1
59,69,36,65,0,0,1
52,40,90,60,0,0,1
39,76,133,45,0,0,1
46,43,61,60,0,0,1
26,69,56,29,0,0,1
30,73,119,38,0,0,1
11,38,88,16,0,0,0
92,90,126,87,1,0,2
39,63,103,39,0,0,1
95,24,70,95,1,0,2
90,68,67,84,0,0,2
24,62,106,37,0,0,0
89,87,46,80,0,0,2
79,84,111,78,0,0,1
69,82,107,82,0,0,1
68,84,27,76,0,0,1
20,32,198,27,1,0,0
14,47,115,28,0,0,0
97,91,28,91,1,1,2
97,54,162,92,1,0,2
13,43,132,24,0,0,0
82,79,104,93,0,0,2
74,93,70,87,0,0,1
42,87,71,34,0,0,1
43,72,60,55,0,0,1
43,47,156,39,0,0,1
68,89,145,59,0,0,1
45,34,44,40,0,0,1
92,36,153,89,1,0,2
89,67,67,97,0,0,2
94,63,25,94,1,0,2
79,98,92,78,0,0,1
52,85,113,55,0,0,1
43,37,181,57,1,0,1
29,78,174,20,0,0,1
45,30,83,36,0,0,1
22,36,126,17,0,0,0
23,95,21,24,0,0,0
30,72,73,39,0,0,1
68,86,175,59,0,0,1
59,43,44,72,0,0,1
97,71,172,100,1,0,2
60,75,35,57,0,0,1
56,54,186,65,1,0,1
47,75,29,48,0,0,1
16,67,99,21,0,0,0
17,77,186,11,1,0,0
17,22,43,10,0,0,0
36,45,44,28,0,0,1
26,82,34,31,0,0,1
51,30,36,42,0,0,1
32,94,106,46,0,0,1
93,54,140,84,1,0,2
34,46,38,48,0,0,1
45,58,93,50,0,0,1
54,60,194,47,1,0,1
81,90,101,90,0,0,2
34,53,87,36,0,0,1
63,85,36,54,0,0,1
31,68,53,36,0,0,1
62,66,179,57,0,0,1
71,91,162,83,0,0,1
86,56,149,79,0,0,2
32,77,145,39,0,0,1
13,33,181,4,1,0,0
60,37,111,73,0,0,1
71,40,187,63,1,0,1
17,81,150,8,0,0,0
94,52,148,89,1,0,2
34,34,70,29,0,0,1
13,26,134,19,0,0,0
45,24,194,37,1,0,1
86,56,89,94,0,0,2
81,82,76,93,0,0,2
33,20,124,31,0,0,1
47,52,30,47,0,0,1
65,34,89,73,0,0,1
31,45,66,43,0,0,1
93,84,186,98,1,0,2
33,45,195,44,1,0,1
74,66,104,73,0,0,1
95,31,61,107,1,0,2
28,23,79,18,0,0,1
88,20,86,95,0,0,2
56,25,46,57,0,0,1
91,63,116,93,1,0,2
80,93,78,93,0,0,1
86,98,36,96,0,0,2
10,96,129,2,0,0,0
44,23,48,37,0,0,1
77,42,74,87,0,0,1
35,97,96,40,0,0,1
41,92,78,34,0,0,1
50,76,26,47,0,0,1
88,60,92,96,0,0,2
44,97,70,39,0,0,1
68,36,102,76,0,0,1
14,63,32,17,0,0,0
36,87,152,33,0,0,1
99,71,22,90,1,0,2
26,41,193,33,1,0,1
72,68,48,80,0,0,1
18,30,32,32,0,0,0
33,55,170,30,0,0,1
66,54,91,70,0,0,1
55,52,194,51,1,0,1
68,82,59,66,0,0,1
75,20,60,88,0,0,1
58,67,36,53,0,0,1
87,29,44,77,0,0,2
15,30,74,10,0,0,0
65,46,93,69,0,0,1
57,62,89,54,0,0,1
54,22,37,51,0,0,1
97,66,155,100,1,0,2
23,67,38,30,0,0,0
19,31,118,27,0,0,0
18,72,148,21,0,0,0
41,44,127,32,0,0,1
18,23,87,18,0,0,0
74,28,152,83,0,0,1
69,73,36,70,0,0,1
14,84,121,9,0,0,0
46,97,139,53,0,0,1
92,70,65,104,1,0,2
36,92,55,49,0,0,1
77,66,95,67,0,0,1
18,93,168,19,0,0,0
36,35,167,33,0,0,1
83,35,172,77,0,0,2
26,24,20,16,0,0,1
51,23,126,42,0,0,1
54,36,148,57,0,0,1
80,47,40,93,0,0,1
51,59,38,50,0,0,1
83,69,48,74,0,0,2
80,21,71,87,0,0,1
66,68,31,76,0,0,1
21,62,155,13,0,0,0
77,53,146,75,0,0,1
76,44,194,79,1,0,1
12,88,154,4,0,0,0
12,93,178,22,0,0,0
29,94,133,34,0,0,1
41,96,59,45,0,0,1
69,43,49,75,0,0,1
77,46,184,84,1,0,1
56,72,72,47,0,0,1
23,89,158,33,0,0,0
50,25,47,61,0,0,1
29,36,52,24,0,0,1
56,61,173,50,0,0,1
93,69,165,83,1,0,2
26,75,176,22,0,0,1
78,93,131,92,0,0,1
60,37,76,64,0,0,1
12,43,79,20,0,0,0
69,49,127,75,0,0,1
53,85,172,53,0,0,1
38,28,42,44,0,0,1
28,60,156,40,0,0,1
63,69,102,70,0,0,1
65,24,126,71,0,0,1
19,61,78,19,0,0,0
12,27,172,3,0,0,0
79,42,72,84,0,0,1
29,89,126,43,0,0,1
14,43,69,27,0,0,0
61,58,95,64,0,0,1
42,67,75,51,0,0,1
41,28,100,52,0,0,1
14,81,61,9,0,0,0
55,94,31,52,0,0,1
26,93,137,22,0,0,1
87,48,103,77,0,0,2
44,86,106,50,0,0,1
75,32,35,87,0,0,1
50,23,137,43,0,0,1
21,55,68,25,0,0,0
95,59,55,86,1,0,2
94,21,110,90,1,0,2
98,79,186,109,1,0,2
95,24,157,99,1,0,2
37,47,155,28,0,0,1
28,37,132,37,0,0,1
49,48,83,56,0,0,1
74,66,94,72,0,0,1
76,33,112,88,0,0,1
62,76,30,75,0,0,1
27,71,124,27,0,0,1
54,69,109,63,0,0,1
54,79,39,59,0,0,1
73,27,169,69,0,0,1
34,79,25,42,0,0,1
15,83,117,14,0,0,0
19,70,20,19,0,0,0
82,85,191,81,1,0,2
30,35,103,41,0,0,1
34,58,172,34,0,0,1
40,41,140,50,0,0,1
55,66,55,68,0,0,1
54,49,130,51,0,0,1
92,94,179,94,1,0,2
69,76,61,74,0,0,1
24,51,188,38,1,0,0
35,20,21,44,0,0,1
85,39,119,89,0,0,2
71,99,22,64,0,0,1
72,34,92,64,0,0,1
96,84,149,110,1,0,2
51,53,194,62,1,0,1
55,36,178,57,0,0,1
34,83,73,27,0,0,1
55,90,99,61,0,0,1
46,42,111,38,0,0,1
32,94,150,31,0,0,1
93,77,188,88,1,0,2
49,71,143,42,0,0,1
61,25,193,59,1,0,1
84,75,23,79,0,0,2
43,96,141,49,0,0,1
91,37,151,83,1,0,2
79,85,144,85,0,0,1
30,90,34,41,0,0,1
80,93,116,71,0,0,1
83,50,73,88,0,0,2
78,40,186,89,1,0,1
17,94,129,26,0,0,0
24,27,133,21,0,0,0
89,96,63,94,0,0,2
17,35,51,15,0,0,0
79,47,24,72,0,0,1
45,98,113,41,0,0,1
21,98,148,26,0,0,0
91,26,38,105,1,0,2
83,99,151,80,0,0,2
61,69,101,63,0,0,1
56,30,43,57,0,0,1
74,22,119,64,0,0,1
79,97,95,72,0,0,1
61,82,85,64,0,0,1
25,20,173,22,0,0,1
35,60,115,28,0,0,1
99,53,180,94,1,0,2
13,91,43,12,0,0,0
29,29,142,40,0,0,1
62,36,170,59,0,0,1
87,20,175,91,0,0,2
66,35,22,63,0,0,1
39,68,101,31,0,0,1
69,26,119,70,0,0,1
91,67,146,90,1,0,2
80,50,176,79,0,0,1
86,29,93,76,0,0,2
15,90,137,5,0,0,0
68,20,192,76,1,0,1
50,43,47,49,0,0,1
18,42,159,22,0,0,0
96,29,188,101,1,0,2
60,78,198,62,1,0,1
36,61,73,48,0,0,1
91,52,156,83,1,0,2
35,58,193,49,1,0,1
67,40,134,58,0,0,1
59,61,186,66,1,0,1
25,20,118,27,0,0,1
33,94,157,35,0,0,1
42,69,172,41,0,0,1
77,87,186,90,1,0,1
25,45,182,15,1,0,1
38,35,26,48,0,0,1
50,27,104,62,0,0,1
65,29,42,71,0,0,1
40,57,124,40,0,0,1
79,87,142,74,0,0,1
26,98,149,36,0,0,1
23,51,49,24,0,0,0
97,25,179,101,1,0,2
75,83,120,69,0,0,1
24,85,61,16,0,0,0
30,86,57,37,0,0,1
77,79,141,84,0,0,1
16,46,56,16,0,0,0
42,54,24,43,0,0,1
73,75,22,81,0,0,1
26,74,120,28,0,0,1
86,70,197,87,1,0,2
82,32,21,88,0,0,2
35,36,146,31,0,0,1
84,62,102,86,0,0,2
39,63,164,53,0,0,1
26,94,47,28,0,0,1
20,88,78,29,0,0,0
39,59,81,29,0,0,1
13,98,64,20,0,0,0
80,24,147,88,0,0,1
94,74,121,104,1,0,2
45,39,23,49,0,0,1
59,94,144,59,0,0,1
81,99,94,82,0,0,2
27,59,64,33,0,0,1
98,33,113,100,1,0,2
78,79,157,86,0,0,1
22,98,46,13,0,0,0
55,28,81,50,0,0,1
95,51,62,89,1,0,2
65,75,65,74,0,0,1
85,64,39,88,0,0,2
49,42,191,58,1,0,1
91,20,100,83,1,0,2
85,69,99,99,0,0,2
40,47,42,53,0,0,1
14,47,102,28,0,0,0
20,86,37,10,0,0,0
87,47,186,92,1,0,2
42,89,153,50,0,0,1
68,91,95,59,0,0,1
67,66,42,78,0,0,1
20,73,90,21,0,0,0
58,95,151,66,0,0,1
89,23,98,82,0,0,2
51,86,130,59,0,0,1
50,76,181,54,1,0,1
30,39,135,27,0,0,1
82,23,167,92,0,0,2
35,26,96,42,0,0,1
96,96,184,103,1,1,2
87,62,50,86,0,0,2
68,61,165,58,0,0,1
88,24,142,81,0,0,2
79,22,90,87,0,0,1
79,49,124,77,0,0,1
44,56,27,56,0,0,1
73,59,121,81,0,0,1
50,37,189,63,1,0,1
80,70,159,92,0,0,1
14,79,139,14,0,0,0
57,75,47,56,0,0,1
49,28,98,48,0,0,1
74,25,163,76,0,0,1
71,65,164,67,0,0,1
75,92,44,66,0,0,1
21,50,107,15,0,0,0
88,64,70,92,0,0,2
41,84,72,53,0,0,1
62,97,159,75,0,0,1
55,39,149,65,0,0,1
36,38,79,49,0,0,1
87,47,121,98,0,0,2
89,55,199,81,1,0,2
70,60,97,84,0,0,1
14,78,160,5,0,0,0
20,77,54,27,0,0,0
62,83,98,52,0,0,1
23,80,53,26,0,0,0
13,34,167,22,0,0,0
75,92,78,80,0,0,1
29,27,112,30,0,0,1
51,78,28,55,0,0,1
69,50,88,74,0,0,1
76,55,167,85,0,0,1
64,57,86,55,0,0,1
82,39,139,89,0,0,2
36,52,182,44,1,0,1
52,29,74,66,0,0,1
92,40,165,90,1,0,2
73,81,69,67,0,0,1
25,68,144,21,0,0,1
63,53,47,72,0,0,1
55,81,118,69,0,0,1
25,31,38,39,0,0,1
71,51,98,69,0,0,1
68,58,165,59,0,0,1
92,40,73,91,1,0,2
60,54,159,66,0,0,1
80,63,47,72,0,0,1
39,68,114,35,0,0,1
78,80,155,87,0,0,1
67,21,65,59,0,0,1
30,28,153,44,0,0,1
83,67,63,81,0,0,2
68,37,118,68,0,0,1
71,24,178,63,0,0,1
67,38,102,73,0,0,1
26,92,121,24,0,0,1
75,23,160,71,0,0,1
92,26,171,101,1,0,2
53,63,127,58,0,0,1
48,45,180,43,0,0,1
37,66,59,38,0,0,1
37,75,169,29,0,0,1
23,75,112,13,0,0,0
99,64,34,109,1,0,2
75,76,122,73,0,0,1
34,32,74,46,0,0,1
36,75,122,34,0,0,1
44,44,128,55,0,0,1
51,59,70,55,0,0,1
58,25,152,63,0,0,1
12,71,97,24,0,0,0
15,70,80,12,0,0,0
50,30,21,50,0,0,1
28,51,48,19,0,0,1
79,80,106,88,0,0,1
63,43,50,56,0,0,1
31,75,68,31,0,0,1
50,45,46,50,0,0,1
84,43,163,95,0,0,2
48,75,25,57,0,0,1
55,72,120,67,0,0,1
70,50,93,68,0,0,1
25,25,147,27,0,0,1
52,49,72,48,0,0,1
26,88,38,26,0,0,1
54,84,191,53,1,0,1
46,52,189,49,1,0,1
47,74,77,60,0,0,1
22,52,32,15,0,0,0
65,34,94,55,0,0,1
38,72,171,43,0,0,1
19,59,152,18,0,0,0
55,55,77,57,0,0,1
66,38,43,60,0,0,1
28,99,22,20,0,0,1
31,84,195,33,1,0,1
38,54,199,42,1,0,1
56,39,160,55,0,0,1
81,68,47,88,0,0,2
50,32,22,45,0,0,1
39,27,58,38,0,0,1
17,39,97,7,0,0,0
52,98,96,45,0,0,1
72,35,69,63,0,0,1
86,38,156,77,0,0,2
12,67,100,12,0,0,0
59,76,159,63,0,0,1
25,35,189,27,1,0,1
70,82,199,81,1,0,1
35,56,120,46,0,0,1
43,77,47,43,0,0,1
36,56,183,27,1,0,1
63,52,132,67,0,0,1
85,43,118,97,0,0,2
29,77,91,26,0,0,1
66,36,101,61,0,0,1
41,26,197,46,1,0,1
34,78,29,31,0,0,1
61,80,189,51,1,0,1
11,37,89,23,0,0,0
54,38,37,61,0,0,1
98,60,150,105,1,0,2
17,73,58,27,0,0,0
18,83,111,27,0,0,0
10,65,149,24,0,0,0
90,52,174,82,0,0,2
85,28,111,80,0,0,2
92,76,138,90,1,0,2
32,59,44,23,0,0,1
23,56,20,14,0,0,0
39,86,99,31,0,0,1
53,29,193,61,1,0,1
26,60,85,38,0,0,1
17,97,132,12,0,0,0
13,44,112,7,0,0,0
55,58,92,52,0,0,1
59,56,30,71,0,0,1
60,87,129,62,0,0,1
68,54,49,66,0,0,1
13,37,133,8,0,0,0
44,91,70,35,0,0,1
74,70,180,70,0,0,1
90,51,29,96,0,0,2
74,23,66,75,0,0,1
22,51,40,15,0,0,0
67,40,64,72,0,0,1
32,50,28,29,0,0,1
29,53,143,38,0,0,1
91,60,72,98,1,0,2
98,97,82,99,1,1,2
46,66,162,52,0,0,1
54,52,48,54,0,0,1
86,21,27,96,0,0,2
48,48,101,52,0,0,1
29,55,57,36,0,0,1
32,24,147,38,0,0,1
72,35,85,85,0,0,1
58,49,162,55,0,0,1
80,91,95,88,0,0,1
62,81,96,68,0,0,1
98,32,118,97,1,0,2
49,38,167,58,0,0,1
38,79,125,44,0,0,1
49,52,81,43,0,0,1
15,40,130,8,0,0,0
20,92,161,22,0,0,0
78,32,157,77,0,0,1
14,81,101,16,0,0,0
71,62,150,64,0,0,1
81,73,105,95,0,0,2
25,47,66,36,0,0,1
46,65,27,44,0,0,1
77,67,173,70,0,0,1
85,74,164,92,0,0,2
18,24,130,12,0,0,0
36,79,64,30,0,0,1
80,41,125,77,0,0,1
77,64,147,82,0,0,1
94,75,160,103,1,0,2
88,27,52,95,0,0,2
79,28,82,90,0,0,1
90,87,133,98,0,0,2
62,46,148,73,0,0,1
49,42,94,51,0,0,1
19,77,183,23,1,0,0
10,60,67,1,0,0,0
75,75,187,83,1,0,1
25,91,28,18,0,0,1
25,75,22,18,0,0,1
73,35,98,80,0,0,1
38,69,122,31,0,0,1
99,73,185,112,1,0,2
55,73,144,60,0,0,1
53,94,58,45,0,0,1
96,77,159,105,1,0,2
20,82,101,29,0,0,0
48,86,185,40,1,0,1
69,45,90,80,0,0,1
10,34,195,0,1,0,0
68,63,198,58,1,0,1
48,92,93,58,0,0,1
30,44,143,22,0,0,1
56,86,57,65,0,0,1
12,29,34,7,0,0,0
32,25,159,32,0,0,1
33,87,50,29,0,0,1
94,80,44,97,1,0,2
37,68,103,50,0,0,1
39,55,145,34,0,0,1
61,76,77,65,0,0,1
20,63,36,18,0,0,0
44,37,33,46,0,0,1
95,42,77,100,1,0,2
43,47,23,45,0,0,1
60,30,177,71,0,0,1
41,48,158,53,0,0,1
79,65,59,70,0,0,1
93,25,71,92,1,0,2
38,87,175,50,0,0,1
55,91,68,69,0,0,1
71,98,78,69,0,0,1
24,85,199,36,1,0,0
34,75,78,37,0,0,1
82,27,184,94,1,0,2
59,22,164,54,0,0,1
83,24,159,88,0,0,2
60,61,180,57,0,0,1
52,75,163,56,0,0,1
69,82,159,79,0,0,1
46,99,108,48,0,0,1
45,82,36,44,0,0,1
51,32,165,42,0,0,1
80,93,140,72,0,0,1
29,70,149,38,0,0,1
86,36,105,80,0,0,2
16,73,199,29,1,0,0
19,96,61,24,0,0,0
40,85,82,34,0,0,1
79,31,94,93,0,0,1
41,33,59,42,0,0,1
36,55,137,26,0,0,1
31,83,143,27,0,0,1
69,44,124,64,0,0,1
10,20,126,21,0,0,0
99,99,29,96,1,1,2
70,86,151,82,0,0,1
20,70,103,10,0,0,0
97,37,117,87,1,0,2
22,58,122,28,0,0,0
62,76,49,53,0,0,1
75,47,186,89,1,0,1
83,58,131,88,0,0,2
60,28,157,56,0,0,1
39,72,52,33,0,0,1
21,52,72,21,0,0,0
56,21,173,65,0,0,1
41,45,120,51,0,0,1
93,33,38,107,1,0,2
10,64,38,8,0,0,0
14,85,107,17,0,0,0
73,71,197,80,1,0,1
84,38,168,77,0,0,2
87,85,191,99,1,0,2
10,55,143,14,0,0,0
98,64,103,99,1,0,2
44,57,154,54,0,0,1
53,86,107,43,0,0,1
19,42,183,23,1,0,0
80,65,154,89,0,0,1
74,42,170,73,0,0,1
92,96,126,87,1,0,2
60,91,189,66,1,0,1
25,58,66,15,0,0,1
51,49,120,53,0,0,1
49,45,119,51,0,0,1
50,39,87,57,0,0,1
51,92,139,57,0,0,1
40,85,160,50,0,0,1
94,45,132,85,1,0,2
58,93,46,52,0,0,1
72,44,151,83,0,0,1
82,32,29,96,0,0,2
46,50,37,48,0,0,1
98,51,174,104,1,0,2
17,62,23,12,0,0,0
83,31,126,79,0,0,2
73,77,172,66,0,0,1
94,69,102,95,1,0,2
63,57,195,77,1,0,1
52,35,180,59,0,0,1
20,40,185,25,1,0,0
45,50,195,56,1,0,1
13,99,56,9,0,0,0
34,35,53,46,0,0,1
86,40,60,84,0,0,2
95,65,138,92,1,0,2
79,50,198,90,1,0,1
10,87,144,5,0,0,0
36,73,127,29,0,0,1
26,43,35,38,0,0,1
87,72,109,91,0,0,2
46,72,133,48,0,0,1
67,58,169,71,0,0,1
38,79,100,43,0,0,1
12,50,102,13,0,0,0
14,78,146,21,0,0,0
16,50,124,20,0,0,0
41,24,34,49,0,0,1
20,23,105,24,0,0,0
99,24,150,99,1,0,2
59,64,96,57,0,0,1
68,29,24,74,0,0,1
32,59,157,27,0,0,1
12,51,74,10,0,0,0
75,37,133,86,0,0,1
25,27,192,37,1,0,1
43,73,38,48,0,0,1
56,35,20,47,0,0,1
17,54,109,11,0,0,0
86,85,99,84,0,0,2
62,68,192,59,1,0,1
68,77,102,60,0,0,1
92,35,145,98,1,0,2
91,38,78,86,1,0,2
48,35,95,50,0,0,1
97,92,184,101,1,1,2
66,29,116,58,0,0,1
34,70,155,29,0,0,1
82,74,148,73,0,0,2
96,31,157,88,1,0,2
93,52,146,102,1,0,2
70,53,169,70,0,0,1
92,75,95,102,1,0,2
59,70,107,51,0,0,1
61,89,26,53,0,0,1
95,22,130,89,1,0,2
70,50,93,72,0,0,1
34,71,55,33,0,0,1
90,69,117,99,0,0,2
66,68,52,56,0,0,1
35,67,144,47,0,0,1
87,36,116,79,0,0,2
17,34,135,20,0,0,0
87,53,77,90,0,0,2
74,93,123,83,0,0,1
98,49,77,89,1,0,2
12,95,138,19,0,0,0
37,69,167,38,0,0,1
23,48,152,15,0,0,0
29,58,172,40,0,0,1
45,40,168,59,0,0,1
11,26,104,11,0,0,0
22,86,54,28,0,0,0
50,68,24,41,0,0,1
86,64,124,91,0,0,2
81,68,103,93,0,0,2
27,38,28,36,0,0,1
28,40,64,41,0,0,1
26,76,135,38,0,0,1
15,52,91,16,0,0,0
62,57,86,74,0,0,1
87,63,185,96,1,0,2
24,64,67,26,0,0,0
39,93,188,43,1,0,1
57,43,117,71,0,0,1
42,76,21,32,0,0,1
92,42,51,92,1,0,2
56,59,162,70,0,0,1
44,67,103,40,0,0,1
66,85,83,80,0,0,1
89,48,189,94,1,0,2
74,89,172,69,0,0,1
55,91,199,52,1,0,1
51,39,75,42,0,0,1
17,37,65,21,0,0,0
90,30,43,92,0,0,2
60,84,80,73,0,0,1
63,44,46,67,0,0,1
23,37,34,21,0,0,0
70,27,145,67,0,0,1
26,30,107,31,0,0,1
64,87,172,69,0,0,1
26,53,67,34,0,0,1
59,68,190,53,1,0,1
77,64,146,71,0,0,1
46,49,138,51,0,0,1
52,42,94,44,0,0,1
40,96,158,42,0,0,1
57,84,92,47,0,0,1
62,46,157,74,0,0,1
50,89,74,53,0,0,1
33,59,110,37,0,0,1
40,60,52,44,0,0,1
46,33,99,46,0,0,1
75,73,146,67,0,0,1
24,53,123,24,0,0,0
84,51,50,98,0,0,2
42,75,105,53,0,0,1
83,52,122,96,0,0,2
39,43,43,47,0,0,1
91,25,165,104,1,0,2
72,87,47,80,0,0,1
57,85,109,63,0,0,1
94,71,87,94,1,0,2
99,41,95,107,1,0,2
22,76,185,16,1,0,0
61,34,95,56,0,0,1
76,73,80,79,0,0,1
30,36,58,25,0,0,1
23,32,88,19,0,0,0
36,78,98,50,0,0,1
59,63,146,68,0,0,1
32,55,35,43,0,0,1
83,40,122,82,0,0,2
99,40,58,95,1,0,2
79,29,197,83,1,0,1
71,59,169,67,0,0,1
84,23,198,84,1,0,2
82,57,169,76,0,0,2
78,99,137,78,0,0,1
65,45,190,56,1,0,1
64,26,95,75,0,0,1
60,66,57,71,0,0,1
17,52,34,29,0,0,0
64,33,160,77,0,0,1
59,45,162,72,0,0,1
56,97,115,67,0,0,1
70,52,38,67,0,0,1
81,67,142,72,0,0,2
63,44,71,77,0,0,1
83,25,135,74,0,0,2
92,60,147,101,1,0,2
22,46,184,29,1,0,0
31,45,95,41,0,0,1
68,86,153,66,0,0,1
42,66,96,51,0,0,1
68,68,90,60,0,0,1
37,93,124,45,0,0,1
70,81,114,63,0,0,1
61,88,123,55,0,0,1
82,44,97,94,0,0,2
40,67,29,54,0,0,1
15,54,185,19,1,0,0
19,67,49,20,0,0,0
91,73,119,96,1,0,2
80,83,117,79,0,0,1
11,29,68,1,0,0,0
99,20,26,93,1,0,2
76,81,122,78,0,0,1
18,45,184,8,1,0,0
37,63,35,46,0,0,1
46,75,130,48,0,0,1
48,91,72,61,0,0,1
85,20,185,87,1,0,2
98,62,110,91,1,0,2
86,24,77,92,0,0,2
29,84,86,24,0,0,1
68,59,169,81,0,0,1
66,64,69,62,0,0,1
26,21,176,31,0,0,1
51,74,180,61,0,0,1
83,45,140,85,0,0,2
78,56,65,74,0,0,1
71,22,194,76,1,0,1
81,21,108,79,0,0,2
23,98,112,33,0,0,0
96,71,20,94,1,0,2
76,37,33,87,0,0,1
59,25,84,59,0,0,1
55,36,159,56,0,0,1
30,63,169,25,0,0,1
47,64,162,47,0,0,1
34,25,31,27,0,0,1
59,94,179,73,0,0,1
91,38,177,95,1,0,2
34,90,184,37,1,0,1
94,89,171,93,1,0,2
90,47,193,97,1,0,2
39,52,181,30,1,0,1
82,55,133,87,0,0,2
84,76,101,84,0,0,2
51,95,166,53,0,0,1
37,41,147,40,0,0,1
74,61,170,73,0,0,1
94,82,82,84,1,0,2
72,89,101,66,0,0,1
15,84,33,12,0,0,0
39,81,103,29,0,0,1
84,23,44,82,0,0,2
79,70,96,81,0,0,1
93,97,54,105,1,1,2
12,48,119,9,0,0,0
51,97,142,56,0,0,1
38,56,102,48,0,0,1
98,74,88,92,1,0,2
64,71,113,65,0,0,1
49,64,95,56,0,0,1
28,20,86,39,0,0,1
56,79,99,53,0,0,1
73,87,83,67,0,0,1
19,65,35,24,0,0,0
18,32,83,22,0,0,0
84,66,152,84,0,0,2
12,51,186,20,1,0,0
31,97,195,35,1,0,1
20,60,196,15,1,0,0
76,84,60,80,0,0,1
30,39,192,34,1,0,1
93,73,142,99,1,0,2
91,40,105,101,1,0,2
20,35,133,14,0,0,0
92,80,20,102,1,0,2
38,37,96,39,0,0,1
20,51,25,34,0,0,0
97,56,20,107,1,0,2
59,88,199,56,1,0,1
75,32,128,65,0,0,1
92,48,59,101,1,0,2
64,76,69,66,0,0,1
27,49,57,35,0,0,1
77,39,191,79,1,0,1
26,65,95,31,0,0,1
32,93,130,22,0,0,1
31,76,146,29,0,0,1
36,83,81,42,0,0,1
97,77,195,98,1,0,2
93,77,20,84,1,0,2
11,59,171,2,0,0,0
39,99,199,49,1,0,1
78,22,199,80,1,0,1
31,80,113,22,0,0,1
61,96,26,70,0,0,1
47,69,175,50,0,0,1
57,46,49,71,0,0,1
16,40,35,10,0,0,0
79,99,32,92,0,0,1
78,70,95,82,0,0,1
97,74,196,102,1,0,2
42,56,79,32,0,0,1
60,61,28,73,0,0,1
71,66,105,61,0,0,1
41,28,56,50,0,0,1
31,70,76,25,0,0,1
31,38,145,31,0,0,1
58,22,171,52,0,0,1
74,73,178,88,0,0,1
96,33,73,102,1,0,2
70,94,155,79,0,0,1
67,57,174,69,0,0,1
41,68,39,54,0,0,1
46,70,87,55,0,0,1
16,83,83,6,0,0,0
17,48,37,21,0,0,0
74,53,119,65,0,0,1
22,78,151,16,0,0,0
74,94,97,79,0,0,1
31,70,148,23,0,0,1
95,23,126,94,1,0,2
54,73,106,54,0,0,1
38,90,189,49,1,0,1
42,30,84,46,0,0,1
73,83,174,80,0,0,1
97,46,114,100,1,0,2
69,47,68,74,0,0,1
33,35,86,33,0,0,1
45,52,84,38,0,0,1
13,71,81,12,0,0,0
22,25,86,15,0,0,0
34,38,168,48,0,0,1
15,45,70,20,0,0,0
52,55,86,56,0,0,1
22,42,85,28,0,0,0
27,35,99,20,0,0,1
64,82,92,77,0,0,1
87,25,168,83,0,0,2
85,36,24,97,0,0,2
23,49,106,25,0,0,0
20,97,127,22,0,0,0
29,88,74,26,0,0,1
35,69,156,33,0,0,1
33,32,42,37,0,0,1
47,46,64,58,0,0,1
67,34,131,58,0,0,1
32,44,98,39,0,0,1
77,31,21,85,0,0,1
97,24,134,89,1,0,2
29,31,47,30,0,0,1
68,58,132,72,0,0,1
18,63,182,16,1,0,0
28,70,181,26,1,0,1
30,85,175,21,0,0,1
88,81,86,101,0,0,2
63,64,157,65,0,0,1
24,56,67,14,0,0,0
27,63,142,23,0,0,1
18,93,118,27,0,0,0
49,98,47,46,0,0,1
82,39,58,82,0,0,2
97,20,146,101,1,0,2
11,74,121,4,0,0,0
23,31,193,31,1,0,0
96,82,83,87,1,0,2
16,48,191,20,1,0,0
28,42,67,41,0,0,1
17,54,125,14,0,0,0
61,35,29,59,0,0,1
62,50,159,56,0,0,1
58,99,25,61,0,0,1
46,56,160,57,0,0,1
54,77,198,53,1,0,1
61,56,191,72,1,0,1
90,40,66,101,0,0,2
47,34,32,42,0,0,1
50,53,67,55,0,0,1
97,97,59,93,1,1,2
31,85,168,42,0,0,1
87,26,86,96,0,0,2
82,50,173,74,0,0,2
85,61,113,95,0,0,2
26,25,184,18,1,0,1
38,40,186,39,1,0,1
81,61,127,76,0,0,2
64,83,44,58,0,0,1
73,27,190,69,1,0,1
42,61,154,37,0,0,1
19,40,107,12,0,0,0
82,66,22,83,0,0,2
49,29,82,53,0,0,1
82,41,189,85,1,0,2
85,64,58,93,0,0,2
14,22,31,5,0,0,0
96,35,20,107,1,0,2
55,37,192,55,1,0,1
20,58,146,33,0,0,0
21,65,139,28,0,0,0
63,74,32,62,0,0,1
37,31,148,44,0,0,1
62,49,35,65,0,0,1
69,44,56,83,0,0,1
34,89,166,47,0,0,1
70,47,83,82,0,0,1
90,37,105,90,0,0,2
26,79,25,23,0,0,1
28,73,162,20,0,0,1
10,57,195,17,1,0,0
14,76,152,4,0,0,0
83,89,34,91,0,0,2
17,28,77,7,0,0,0
17,73,54,28,0,0,0
43,99,47,36,0,0,1
24,94,198,38,1,0,0
90,58,174,96,0,0,2
76,41,195,80,1,0,1
47,62,170,48,0,0,1
69,72,120,62,0,0,1
97,85,128,90,1,0,2
99,80,183,105,1,0,2
52,90,68,58,0,0,1
78,20,83,90,0,0,1
42,22,118,53,0,0,1
29,56,102,39,0,0,1
41,71,139,39,0,0,1
33,37,101,38,0,0,1
89,82,47,83,0,0,2
41,44,104,50,0,0,1
79,80,109,78,0,0,1
88,58,105,82,0,0,2
73,83,50,65,0,0,1
80,30,35,73,0,0,1
26,98,114,16,0,0,1
49,91,177,55,0,0,1
33,74,194,46,1,0,1
99,90,33,107,1,0,2
46,40,177,37,0,0,1
36,26,30,40,0,0,1
55,44,198,61,1,0,1
70,61,165,68,0,0,1
11,33,110,24,0,0,0
54,66,113,58,0,0,1
43,20,115,42,0,0,1
36,21,93,30,0,0,1
41,92,38,35,0,0,1
49,23,33,63,0,0,1
94,35,89,85,1,0,2
14,34,88,5,0,0,0
80,73,79,83,0,0,1
83,93,149,83,0,0,2
16,84,62,28,0,0,0
45,24,45,56,0,0,1
94,95,96,92,1,1,2
73,94,121,65,0,0,1
75,96,180,77,0,0,1
38,30,85,31,0,0,1
46,66,23,55,0,0,1
97,76,167,87,1,0,2
40,94,170,49,0,0,1
80,25,58,81,0,0,1
99,77,189,103,1,0,2
92,87,49,85,1,0,2
68,78,117,60,0,0,1
27,39,71,39,0,0,1
78,25,97,78,0,0,1
82,54,44,78,0,0,2
95,25,38,100,1,0,2
65,90,137,63,0,0,1
42,69,127,34,0,0,1
17,40,198,20,1,0,0
70,66,38,74,0,0,1
72,78,130,70,0,0,1
20,34,169,14,0,0,0
23,90,48,23,0,0,0
85,23,58,99,0,0,2
12,96,75,2,0,0,0
48,89,27,50,0,0,1
19,94,193,31,1,0,0
92,59,81,104,1,0,2
81,88,92,89,0,0,2
30,34,104,38,0,0,1
14,94,174,24,0,0,0
70,97,78,64,0,0,1
80,80,27,71,0,0,1
89,75,29,88,0,0,2
80,40,108,88,0,0,1
54,74,103,63,0,0,1
10,47,29,17,0,0,0
87,63,45,85,0,0,2
61,31,171,64,0,0,1
23,44,49,29,0,0,0
76,30,40,82,0,0,1
68,70,90,72,0,0,1
53,72,75,60,0,0,1
40,73,143,31,0,0,1
99,90,55,89,1,0,2
36,43,50,34,0,0,1
86,84,162,81,0,0,2
16,63,166,12,0,0,0
46,99,48,59,0,0,1
25,79,102,27,0,0,1
82,91,69,95,0,0,2
24,79,118,25,0,0,0
28,31,166,24,0,0,1
50,55,162,46,0,0,1
42,35,138,40,0,0,1
74,27,81,79,0,0,1
91,20,81,89,1,0,2
95,76,42,86,1,0,2
82,55,160,74,0,0,2
20,36,165,10,0,0,0
37,91,35,38,0,0,1
81,99,31,85,0,0,2
28,38,188,34,1,0,1
46,24,125,57,0,0,1
20,78,20,11,0,0,0
75,20,94,74,0,0,1
12,82,159,23,0,0,0
77,85,47,77,0,0,1
48,25,115,45,0,0,1
10,43,26,1,0,0,0
37,57,140,29,0,0,1
18,88,199,24,1,0,0
91,71,27,82,1,0,2
16,52,186,11,1,0,0
86,21,79,93,0,0,2
58,29,123,59,0,0,1
34,99,181,24,1,0,1
85,90,139,98,0,0,2
80,37,69,81,0,0,1
15,85,180,21,0,0,0
92,62,110,87,1,0,2
98,33,158,93,1,0,2
18,44,137,22,0,0,0
70,61,74,78,0,0,1
14,28,53,22,0,0,0
30,23,20,40,0,0,1
24,96,78,38,0,0,0
21,50,86,29,0,0,0
80,30,136,83,0,0,1
80,28,109,81,0,0,1
99,84,70,112,1,0,2
63,89,48,62,0,0,1
23,85,169,16,0,0,0
77,76,98,88,0,0,1
63,21,90,67,0,0,1
39,56,88,44,0,0,1
95,92,145,104,1,1,2
48,75,109,41,0,0,1
91,32,95,87,1,0,2
84,80,194,75,1,0,2
79,73,177,71,0,0,1
51,89,100,48,0,0,1
24,44,157,32,0,0,0
25,73,61,34,0,0,1
16,91,197,14,1,0,0
27,42,90,30,0,0,1
33,55,82,32,0,0,1
16,92,112,15,0,0,0
83,70,174,97,0,0,2
81,66,154,73,0,0,2
57,46,68,62,0,0,1
95,27,185,92,1,0,2
21,28,112,34,0,0,0
63,54,118,64,0,0,1
63,49,49,65,0,0,1
79,93,79,86,0,0,1
83,88,109,89,0,0,2
68,86,113,78,0,0,1
78,31,69,74,0,0,1
86,55,37,78,0,0,2
92,59,106,101,1,0,2
41,84,39,47,0,0,1
44,70,122,40,0,0,1
94,20,113,96,1,0,2
15,94,61,20,0,0,0
99,52,162,99,1,0,2
49,29,51,39,0,0,1
51,60,95,57,0,0,1
20,34,172,18,0,0,0
